Collection,Collection_URL_NL,Collection_URL_EN,Concept,isPreferred,URI ending,Stable URL English,Stable Nederlands URL
Text documents,https://dans.knaw.nl/nl/bestandsformaten/tekstdocumenten/,https://dans.knaw.nl/en/file-formats/text-documents/,PDF/A (.pdf),preferredFileFormats,text-documents_pdf-a_,https://dans.knaw.nl/en/file-formats/text-documents/pdf-a/,https://dans.knaw.nl/bestandsformaten/tekstdocumenten/pdf-a/
Text documents,https://dans.knaw.nl/nl/bestandsformaten/tekstdocumenten/,https://dans.knaw.nl/en/file-formats/text-documents/,ODT (.odt),preferredFileFormats,text-documents_opendocument-text_,https://dans.knaw.nl/en/file-formats/text-documents/opendocument-text/,https://dans.knaw.nl/bestandsformaten/tekstdocumenten/opendocument-text-odt/
Text documents,https://dans.knaw.nl/nl/bestandsformaten/tekstdocumenten/,https://dans.knaw.nl/en/file-formats/text-documents/,Microsoft Word (.doc),nonPreferredFileFormats,text-documents_microsoft-word-and-office-open-xml_,https://dans.knaw.nl/en/file-formats/text-documents/microsoft-word-and-office-open-xml/,https://dans.knaw.nl/bestandsformaten/tekstdocumenten/microsoft-word-doc-en-office-open-xml-docx/
Text documents,https://dans.knaw.nl/nl/bestandsformaten/tekstdocumenten/,https://dans.knaw.nl/en/file-formats/text-documents/,Office Open XML (.docx),nonPreferredFileFormats,text-documents_microsoft-word-and-office-open-xml_,https://dans.knaw.nl/en/file-formats/text-documents/microsoft-word-and-office-open-xml/,https://dans.knaw.nl/bestandsformaten/tekstdocumenten/microsoft-word-doc-en-office-open-xml-docx/
Text documents,https://dans.knaw.nl/nl/bestandsformaten/tekstdocumenten/,https://dans.knaw.nl/en/file-formats/text-documents/,Rich Text File (.rtf),nonPreferredFileFormats,text-documents_rich-text-file-rtf_,https://dans.knaw.nl/en/file-formats/text-documents/rich-text-file-rtf/,https://dans.knaw.nl/bestandsformaten/tekstdocumenten/rich-text-file-rtf/
Text documents,https://dans.knaw.nl/nl/bestandsformaten/tekstdocumenten/,https://dans.knaw.nl/en/file-formats/text-documents/,PDF other than PDF/A (.pdf),nonPreferredFileFormats,text-documents_pdf-pdf_,https://dans.knaw.nl/en/file-formats/text-documents/pdf-pdf/,https://dans.knaw.nl/bestandsformaten/tekstdocumenten/pdf-pdf/
Plain text,https://dans.knaw.nl/nl/bestandsformaten/platte-tekst/,https://dans.knaw.nl/en/file-formats/plain-text/,Unicode text (.txt),preferredFileFormats,plain-text_unicode_,https://dans.knaw.nl/en/file-formats/plain-text/unicode/,https://dans.knaw.nl/bestandsformaten/platte-tekst/unicode/
Plain text,https://dans.knaw.nl/nl/bestandsformaten/platte-tekst/,https://dans.knaw.nl/en/file-formats/plain-text/,Non-Unicode text (.txt),nonPreferredFileFormats,plain-text_non-unicode_,https://dans.knaw.nl/en/file-formats/plain-text/non-unicode/,https://dans.knaw.nl/bestandsformaten/platte-tekst/non-unicode/
Markup language,https://dans.knaw.nl/bestandsformaten/opmaaktaal/,https://dans.knaw.nl/en/file-formats/markup-language/,XML (.xml),preferredFileFormats,markup-language_xml_,https://dans.knaw.nl/en/file-formats/markup-language/xml/,https://dans.knaw.nl/bestandsformaten/opmaaktaal/xml/
Markup language,https://dans.knaw.nl/bestandsformaten/opmaaktaal/,https://dans.knaw.nl/en/file-formats/markup-language/,HTML (.html),preferredFileFormats,markup-language_html_,https://dans.knaw.nl/en/file-formats/markup-language/html/,https://dans.knaw.nl/bestandsformaten/opmaaktaal/html/
Markup language,https://dans.knaw.nl/bestandsformaten/opmaaktaal/,https://dans.knaw.nl/en/file-formats/markup-language/,.css,preferredFileFormats,markup-language_css_,https://dans.knaw.nl/en/file-formats/markup-language/css/,https://dans.knaw.nl/bestandsformaten/opmaaktaal/css/
Markup language,https://dans.knaw.nl/bestandsformaten/opmaaktaal/,https://dans.knaw.nl/en/file-formats/markup-language/,.xslt,preferredFileFormats,markup-language_xslt_,https://dans.knaw.nl/en/file-formats/markup-language/xslt/,https://dans.knaw.nl/bestandsformaten/opmaaktaal/xslt/
Markup language,https://dans.knaw.nl/bestandsformaten/opmaaktaal/,https://dans.knaw.nl/en/file-formats/markup-language/,.js,preferredFileFormats,markup-language_xslt_,https://dans.knaw.nl/bestandsformaten/opmaaktaal/script/,https://dans.knaw.nl/en/file-formats/markup-language/script/
Markup language,https://dans.knaw.nl/bestandsformaten/opmaaktaal/,https://dans.knaw.nl/en/file-formats/markup-language/,.es,preferredFileFormats,markup-language_xslt_,https://dans.knaw.nl/bestandsformaten/opmaaktaal/script/,https://dans.knaw.nl/en/file-formats/markup-language/script/
Markup language,https://dans.knaw.nl/bestandsformaten/opmaaktaal/,https://dans.knaw.nl/en/file-formats/markup-language/,SGML (.sgml),nonPreferredFileFormats,markup-language_sgml_,https://dans.knaw.nl/en/file-formats/markup-language/sgml/,https://dans.knaw.nl/bestandsformaten/opmaaktaal/sgml/
Markup language,https://dans.knaw.nl/bestandsformaten/opmaaktaal/,https://dans.knaw.nl/en/file-formats/markup-language/,Markdown (.md),preferredFileFormats,markup-language_markdown_,https://dans.knaw.nl/en/file-formats/markup-language/markdown/,https://dans.knaw.nl/bestandsformaten/opmaaktaal/markdown/
Programming Languages,https://dans.knaw.nl/bestandsformaten/programmeertaal/,https://dans.knaw.nl/en/file-formats/programming-languages/,MATLAB,preferredFileFormats,file-formats_programming-languages_matlab_,https://dans.knaw.nl/en/file-formats/programming-languages/matlab/,https://dans.knaw.nl/bestandsformaten/programmeertaal/matlab/
Programming Languages,https://dans.knaw.nl/bestandsformaten/programmeertaal/,https://dans.knaw.nl/en/file-formats/programming-languages/,NetCDF,preferredFileFormats,programming-languages_netcdf_,https://dans.knaw.nl/en/file-formats/programming-languages/netcdf/,https://dans.knaw.nl/bestandsformaten/programmeertaal/netcdf/
Programming Languages,https://dans.knaw.nl/bestandsformaten/programmeertaal/,https://dans.knaw.nl/en/file-formats/programming-languages/,Text-Fabric,preferredFileFormats,programming-languages_text-fabric_,https://dans.knaw.nl/en/file-formats/programming-languages/text-fabric/,https://dans.knaw.nl/bestandsformaten/programmeertaal/text-fabric/
Programming Languages,https://dans.knaw.nl/bestandsformaten/programmeertaal/,https://dans.knaw.nl/en/file-formats/programming-languages/,Python,preferredFileFormats,programming-languages_python_,,
Spreadsheets,https://dans.knaw.nl/bestandsformaten/spreadsheets/,https://dans.knaw.nl/en/file-formats/spreadsheets/,ODS (.ods),preferredFileFormats,spreadsheets_ods_,https://dans.knaw.nl/en/file-formats/spreadsheets/ods/,https://dans.knaw.nl/bestandsformaten/spreadsheets/ods/
Spreadsheets,https://dans.knaw.nl/bestandsformaten/spreadsheets/,https://dans.knaw.nl/en/file-formats/spreadsheets/,CSV (.csv),preferredFileFormats,spreadsheets_csv_,https://dans.knaw.nl/en/file-formats/spreadsheets/csv/,https://dans.knaw.nl/nl/bestandsformaten/spreadsheets/csv/
Spreadsheets,https://dans.knaw.nl/bestandsformaten/spreadsheets/,https://dans.knaw.nl/en/file-formats/spreadsheets/,Microsoft Excel (.xls),nonPreferredFileFormats,spreadsheets_microsoft-excel_,https://dans.knaw.nl/en/file-formats/spreadsheets/microsoft-excel/,https://dans.knaw.nl/bestandsformaten/spreadsheets/microsoft-excel/
Spreadsheets,https://dans.knaw.nl/bestandsformaten/spreadsheets/,https://dans.knaw.nl/en/file-formats/spreadsheets/,Office Open XML Workbook (.xlsx),nonPreferredFileFormats,spreadsheets_office-open-xml-workbook_,https://dans.knaw.nl/en/file-formats/spreadsheets/office-open-xml-workbook/,https://dans.knaw.nl/bestandsformaten/spreadsheets/office-open-xml-workbook/
Spreadsheets,https://dans.knaw.nl/bestandsformaten/spreadsheets/,https://dans.knaw.nl/en/file-formats/spreadsheets/,PDF/A (.pdf),nonPreferredFileFormats,spreadsheets_pdf-a_,https://dans.knaw.nl/en/file-formats/spreadsheets/pdf-a/,https://dans.knaw.nl/bestandsformaten/spreadsheets/pdf-a/
Databases,https://dans.knaw.nl/bestandsformaten/databases/,https://dans.knaw.nl/en/file-formats/databases/,SQL (.sql),preferredFileFormats,databases_sql_,https://dans.knaw.nl/en/file-formats/databases/sql/,https://dans.knaw.nl/bestandsformaten/databases/sql/
Databases,https://dans.knaw.nl/bestandsformaten/databases/,https://dans.knaw.nl/en/file-formats/databases/,SIARD (.siard),preferredFileFormats,databases_siard_,https://dans.knaw.nl/en/file-formats/databases/siard/,https://dans.knaw.nl/bestandsformaten/databases/siard/
Databases,https://dans.knaw.nl/bestandsformaten/databases/,https://dans.knaw.nl/en/file-formats/databases/,CSV (.csv),preferredFileFormats,databases_csv_,https://dans.knaw.nl/en/file-formats/databases/csv/,https://dans.knaw.nl/nl/bestandsformaten/databases/csv/
Databases,https://dans.knaw.nl/bestandsformaten/databases/,https://dans.knaw.nl/en/file-formats/databases/,"Microsoft Access (.mdb, .accdb)",,databases_microsoft-access_,https://dans.knaw.nl/en/file-formats/databases/microsoft-access/,https://dans.knaw.nl/bestandsformaten/databases/microsoft-access/
Databases,https://dans.knaw.nl/bestandsformaten/databases/,https://dans.knaw.nl/en/file-formats/databases/,dBase (.dbf),,databases_dbase_,https://dans.knaw.nl/en/file-formats/databases/dbase/,https://dans.knaw.nl/bestandsformaten/databases/dbase/
Databases,https://dans.knaw.nl/bestandsformaten/databases/,https://dans.knaw.nl/en/file-formats/databases/,"HDF5 (.hdf5, .he5, .h5)",,databases_hierarchical-data-format-hdf5_,https://dans.knaw.nl/en/file-formats/databases/hierarchical-data-format-hdf5/,https://dans.knaw.nl/bestandsformaten/databases/hierarchical-data-format-hdf5/
Statistical data,https://dans.knaw.nl/bestandsformaten/statistische-data/,https://dans.knaw.nl/en/file-formats/statistical-data/,SPSS (.dat/.sps),,databases_ssp_,,https://dans.knaw.nl/en/file-formats/statistical-data/data-and-setup/
Statistical data,https://dans.knaw.nl/bestandsformaten/statistische-data/,https://dans.knaw.nl/en/file-formats/statistical-data/,JASP,,statistical-data_jasp_,https://dans.knaw.nl/en/file-formats/statistical-data/jasp/,https://dans.knaw.nl/nl/bestandsformaten/statistische-data/jasp/
Statistical data,https://dans.knaw.nl/bestandsformaten/statistische-data/,https://dans.knaw.nl/en/file-formats/statistical-data/,R,,statistical-data_r_,https://dans.knaw.nl/en/file-formats/statistical-data/r/,https://dans.knaw.nl/bestandsformaten/statistische-data/r/
Statistical data,https://dans.knaw.nl/bestandsformaten/statistische-data/,https://dans.knaw.nl/en/file-formats/statistical-data/,SPSS Portable (.por),,statistical-data_spss-portable_,https://dans.knaw.nl/en/file-formats/statistical-data/spss-portable/,https://dans.knaw.nl/bestandsformaten/statistische-data/spss-portable/
Statistical data,https://dans.knaw.nl/bestandsformaten/statistische-data/,https://dans.knaw.nl/en/file-formats/statistical-data/,SPSS (.sav),,statistical-data_spss-sav_,https://dans.knaw.nl/en/file-formats/statistical-data/spss-sav/,https://dans.knaw.nl/bestandsformaten/statistische-data/spss-sav/
Statistical data,https://dans.knaw.nl/bestandsformaten/statistische-data/,https://dans.knaw.nl/en/file-formats/statistical-data/,STATA (.dta),,statistical-data_stata_,https://dans.knaw.nl/en/file-formats/statistical-data/stata/,https://dans.knaw.nl/bestandsformaten/statistische-data/stata/
Statistical data,https://dans.knaw.nl/bestandsformaten/statistische-data/,https://dans.knaw.nl/en/file-formats/statistical-data/,SAS (.7dat,,statistical-data_sas_,,
Raster images,https://dans.knaw.nl/bestandsformaten/afbeeldingen-raster/,https://dans.knaw.nl/en/file-formats/images-raster/,"JPEG (.jpg, .jpeg)",,images-raster_jpeg_,https://dans.knaw.nl/en/file-formats/images-raster/jpeg/,https://dans.knaw.nl/bestandsformaten/afbeeldingen-raster/jpeg/
Raster images,https://dans.knaw.nl/bestandsformaten/afbeeldingen-raster/,https://dans.knaw.nl/en/file-formats/images-raster/,"TIFF (.tif, .tiff)",,images-raster_tiff_,https://dans.knaw.nl/en/file-formats/images-raster/tiff/,https://dans.knaw.nl/bestandsformaten/afbeeldingen-raster/tiff/
Raster images,https://dans.knaw.nl/bestandsformaten/afbeeldingen-raster/,https://dans.knaw.nl/en/file-formats/images-raster/,PNG (.png),,images-raster_png_,https://dans.knaw.nl/en/file-formats/images-raster/png/,https://dans.knaw.nl/bestandsformaten/afbeeldingen-raster/png/
Raster images,https://dans.knaw.nl/bestandsformaten/afbeeldingen-raster/,https://dans.knaw.nl/en/file-formats/images-raster/,JPEG 2000 (.jp2),,images-raster_jpeg-2000_,https://dans.knaw.nl/en/file-formats/images-raster/jpeg-2000/,https://dans.knaw.nl/bestandsformaten/afbeeldingen-raster/jpeg-2000/
Raster images,https://dans.knaw.nl/bestandsformaten/afbeeldingen-raster/,https://dans.knaw.nl/en/file-formats/images-raster/,DICOM (.dcm),,images-raster_dicom_,https://dans.knaw.nl/en/file-formats/images-raster/dicom/,https://dans.knaw.nl/bestandsformaten/afbeeldingen-raster/dicom/
Vector images,https://dans.knaw.nl/bestandsformaten/afbeeldingen-vector/,https://dans.knaw.nl/en/file-formats/images-vector/,SVG (.svg),,images-vector_svg_,https://dans.knaw.nl/en/file-formats/images-vector/svg/,https://dans.knaw.nl/bestandsformaten/afbeeldingen-vector/svg/
Vector images,https://dans.knaw.nl/bestandsformaten/afbeeldingen-vector/,https://dans.knaw.nl/en/file-formats/images-vector/,Adobe Illustrator (.ai),,images-vector_adobe-illustrator_,https://dans.knaw.nl/en/file-formats/images-vector/adobe-illustrator/,https://dans.knaw.nl/bestandsformaten/afbeeldingen-vector/adobe-illustrator/
Vector images,https://dans.knaw.nl/bestandsformaten/afbeeldingen-vector/,https://dans.knaw.nl/en/file-formats/images-vector/,EPS (.eps),,images-vector_eps_,https://dans.knaw.nl/en/file-formats/images-vector/eps/,https://dans.knaw.nl/bestandsformaten/afbeeldingen-vector/eps/
Vector images,https://dans.knaw.nl/bestandsformaten/afbeeldingen-vector/,https://dans.knaw.nl/en/file-formats/images-vector/,"WMF/EMF (.wmf, .emf)",,images-vector_wmf-emf_,https://dans.knaw.nl/en/file-formats/images-vector/wmf-emf/,https://dans.knaw.nl/bestandsformaten/afbeeldingen-vector/wmf-emf/
Vector images,https://dans.knaw.nl/bestandsformaten/afbeeldingen-vector/,https://dans.knaw.nl/en/file-formats/images-vector/,CDR (.cdr),,images-vector_cdr_,https://dans.knaw.nl/en/file-formats/images-vector/cdr/,https://dans.knaw.nl/bestandsformaten/afbeeldingen-vector/cdr/
Audio,https://dans.knaw.nl/bestandsformaten/audio/,https://dans.knaw.nl/en/file-formats/audio/,BWF (.bwf),,audio_bwf_,https://dans.knaw.nl/en/file-formats/audio/bwf/,https://dans.knaw.nl/bestandsformaten/audio/bwf/
Audio,https://dans.knaw.nl/bestandsformaten/audio/,https://dans.knaw.nl/en/file-formats/audio/,MXF (.mxf),,audio_mxf_,https://dans.knaw.nl/en/file-formats/audio/mxf/,https://dans.knaw.nl/bestandsformaten/audio/mxf/
Audio,https://dans.knaw.nl/bestandsformaten/audio/,https://dans.knaw.nl/en/file-formats/audio/,Matroska (.mka),,audio_matroska_,https://dans.knaw.nl/en/file-formats/audio/matroska/,https://dans.knaw.nl/bestandsformaten/audio/matroska/
Audio,https://dans.knaw.nl/bestandsformaten/audio/,https://dans.knaw.nl/en/file-formats/audio/,FLAC (.flac),,audio_flac_,https://dans.knaw.nl/en/file-formats/audio/flac/,https://dans.knaw.nl/bestandsformaten/audio/flac/
Audio,https://dans.knaw.nl/bestandsformaten/audio/,https://dans.knaw.nl/en/file-formats/audio/,OPUS,,audio_opus_,https://dans.knaw.nl/en/file-formats/audio/opus/,https://dans.knaw.nl/bestandsformaten/audio/opus/
Audio,https://dans.knaw.nl/bestandsformaten/audio/,https://dans.knaw.nl/en/file-formats/audio/,WAVE (.wav),,audio_wave_,https://dans.knaw.nl/en/file-formats/audio/wave/,https://dans.knaw.nl/bestandsformaten/audio/wave/
Audio,https://dans.knaw.nl/bestandsformaten/audio/,https://dans.knaw.nl/en/file-formats/audio/,MP3 (.mp3),,audio_mp3_,https://dans.knaw.nl/en/file-formats/audio/mp3/,https://dans.knaw.nl/bestandsformaten/audio/mp3/
Audio,https://dans.knaw.nl/bestandsformaten/audio/,https://dans.knaw.nl/en/file-formats/audio/,"AAC (.aac, .m4a)",,audio_aac_,https://dans.knaw.nl/en/file-formats/audio/aac/,https://dans.knaw.nl/bestandsformaten/audio/aac/
Audio,https://dans.knaw.nl/bestandsformaten/audio/,https://dans.knaw.nl/en/file-formats/audio/,"AIFF (.aif, .aiff)",,audio_aiff_,https://dans.knaw.nl/en/file-formats/audio/aiff/,https://dans.knaw.nl/bestandsformaten/audio/aiff/
Audio,https://dans.knaw.nl/bestandsformaten/audio/,https://dans.knaw.nl/en/file-formats/audio/,OGG (.ogg),,audio_ogg_,https://dans.knaw.nl/en/file-formats/audio/ogg/,https://dans.knaw.nl/bestandsformaten/audio/ogg/
Video,https://dans.knaw.nl/bestandsformaten/video/,https://dans.knaw.nl/en/file-formats/video/,MXF (.mxf),,video_mxf_,https://dans.knaw.nl/en/file-formats/video/mxf/,https://dans.knaw.nl/bestandsformaten/video/mxf/
Video,https://dans.knaw.nl/bestandsformaten/video/,https://dans.knaw.nl/en/file-formats/video/,Matroska (.mkv),,video_matroska_,https://dans.knaw.nl/en/file-formats/video/matroska/,https://dans.knaw.nl/bestandsformaten/video/matroska/
Video,https://dans.knaw.nl/bestandsformaten/video/,https://dans.knaw.nl/en/file-formats/video/,"MPEG-4 (.mp4, .m4a, .m4v, ...)",,video_mpeg-4_,https://dans.knaw.nl/en/file-formats/video/mpeg-4/,https://dans.knaw.nl/bestandsformaten/video/mpeg-4/
Video,https://dans.knaw.nl/bestandsformaten/video/,https://dans.knaw.nl/en/file-formats/video/,"MPEG-2 (.mpg, .mpeg, .m2v, .mpg2, ...)",,video_mpeg-2_,https://dans.knaw.nl/en/file-formats/video/mpeg-2/,https://dans.knaw.nl/bestandsformaten/video/mpeg-2/
Video,https://dans.knaw.nl/bestandsformaten/video/,https://dans.knaw.nl/en/file-formats/video/,AVI (.avi),,video_avi_,https://dans.knaw.nl/en/file-formats/video/avi/,https://dans.knaw.nl/bestandsformaten/video/avi/
Video,https://dans.knaw.nl/bestandsformaten/video/,https://dans.knaw.nl/en/file-formats/video/,"QuickTime (.mov, .qt)",,video_quicktime_,https://dans.knaw.nl/en/file-formats/video/quicktime/,https://dans.knaw.nl/bestandsformaten/video/quicktime/
Computer Aided Design (CAD),https://dans.knaw.nl/bestandsformaten/computer-aided-design-cad/,https://dans.knaw.nl/en/file-formats/computer-aided-design-cad/,AutoCAD DXF version R12 (ASCII) (.dxf),,computer-aided-design-cad_autocad-dxf-versie-r12-ascii_,https://dans.knaw.nl/en/file-formats/computer-aided-design-cad/autocad-dxf-versie-r12-ascii/,https://dans.knaw.nl/bestandsformaten/computer-aided-design-cad/autocad-dxf-versie-r12-ascii/
Computer Aided Design (CAD),https://dans.knaw.nl/bestandsformaten/computer-aided-design-cad/,https://dans.knaw.nl/en/file-formats/computer-aided-design-cad/,SVG (.svg),,computer-aided-design-cad_svg_,https://dans.knaw.nl/en/file-formats/computer-aided-design-cad/svg/,https://dans.knaw.nl/bestandsformaten/computer-aided-design-cad/svg/
Computer Aided Design (CAD),https://dans.knaw.nl/bestandsformaten/computer-aided-design-cad/,https://dans.knaw.nl/en/file-formats/computer-aided-design-cad/,"AutoCAD DXF, version different than R12 (ASCII) (.dxf)",,computer-aided-design-cad_autocad-dxf-versie-anders-dan-r12-ascii_,https://dans.knaw.nl/en/file-formats/computer-aided-design-cad/autocad-dxf-versie-anders-dan-r12-ascii/,https://dans.knaw.nl/bestandsformaten/computer-aided-design-cad/autocad-dxf-versie-anders-dan-r12-ascii/
Computer Aided Design (CAD),https://dans.knaw.nl/bestandsformaten/computer-aided-design-cad/,https://dans.knaw.nl/en/file-formats/computer-aided-design-cad/,DWG (.dwg),,computer-aided-design-cad_dwg_,https://dans.knaw.nl/en/file-formats/computer-aided-design-cad/dwg/,https://dans.knaw.nl/bestandsformaten/computer-aided-design-cad/dwg/
Computer Aided Design (CAD),https://dans.knaw.nl/bestandsformaten/computer-aided-design-cad/,https://dans.knaw.nl/en/file-formats/computer-aided-design-cad/,DGN (.dgn),,computer-aided-design-cad_dgn_,https://dans.knaw.nl/en/file-formats/computer-aided-design-cad/dgn/,https://dans.knaw.nl/bestandsformaten/computer-aided-design-cad/dgn/
Geographical Information Systems (GIS),https://dans.knaw.nl/bestandsformaten/geografische-informatie-systemen-gis/,https://dans.knaw.nl/en/file-formats/geographical-information-systems-gis/,GML (.gml),,geographical-information-systems-gis_gml_,https://dans.knaw.nl/en/file-formats/geographical-information-systems-gis/gml/,https://dans.knaw.nl/bestandsformaten/geografische-informatie-systemen-gis/gml/
Geographical Information Systems (GIS),https://dans.knaw.nl/bestandsformaten/geografische-informatie-systemen-gis/,https://dans.knaw.nl/en/file-formats/geographical-information-systems-gis/,MIF/MID (.mif/.mid),,geographical-information-systems-gis_mif-mid_,https://dans.knaw.nl/en/file-formats/geographical-information-systems-gis/mif-mid/,https://dans.knaw.nl/bestandsformaten/geografische-informatie-systemen-gis/mif-mid/
Geographical Information Systems (GIS),https://dans.knaw.nl/bestandsformaten/geografische-informatie-systemen-gis/,https://dans.knaw.nl/en/file-formats/geographical-information-systems-gis/,GeoJSON (.json),,geographical-information-systems-gis_json_,,
Geographical Information Systems (GIS),https://dans.knaw.nl/bestandsformaten/geografische-informatie-systemen-gis/,https://dans.knaw.nl/en/file-formats/geographical-information-systems-gis/,GeoPackage (.gpgk),,geographical-information-systems-gis_gpgk_,,
Geographical Information Systems (GIS),https://dans.knaw.nl/bestandsformaten/geografische-informatie-systemen-gis/,https://dans.knaw.nl/en/file-formats/geographical-information-systems-gis/,Esri Shapefiles (.shp & related files),,geographical-information-systems-gis_esri-shapefile_,https://dans.knaw.nl/en/file-formats/geographical-information-systems-gis/esri-shapefile/,https://dans.knaw.nl/bestandsformaten/geografische-informatie-systemen-gis/esri-shapefile/
Geographical Information Systems (GIS),https://dans.knaw.nl/bestandsformaten/geografische-informatie-systemen-gis/,https://dans.knaw.nl/en/file-formats/geographical-information-systems-gis/,MapInfo (.tab & related files),,geographical-information-systems-gis_mapinfo_,https://dans.knaw.nl/en/file-formats/geographical-information-systems-gis/mapinfo/,https://dans.knaw.nl/bestandsformaten/geografische-informatie-systemen-gis/mapinfo/
Geographical Information Systems (GIS),https://dans.knaw.nl/bestandsformaten/geografische-informatie-systemen-gis/,https://dans.knaw.nl/en/file-formats/geographical-information-systems-gis/,"KML (.kml, kmz)",,geographical-information-systems-gis_kml_,https://dans.knaw.nl/en/file-formats/geographical-information-systems-gis/kml/,https://dans.knaw.nl/bestandsformaten/geografische-informatie-systemen-gis/kml/
Geographical Information Systems (GIS),https://dans.knaw.nl/bestandsformaten/geografische-informatie-systemen-gis/,https://dans.knaw.nl/en/file-formats/geographical-information-systems-gis/,Esri Geodatabase (.gdb),,geographical-information-systems-gis_esri-geodatabase_,https://dans.knaw.nl/en/file-formats/geographical-information-systems-gis/esri-geodatabase/,https://dans.knaw.nl/bestandsformaten/geografische-informatie-systemen-gis/esri-geodatabase/
Geographical Information Systems (GIS),https://dans.knaw.nl/bestandsformaten/geografische-informatie-systemen-gis/,https://dans.knaw.nl/en/file-formats/geographical-information-systems-gis/,"Project files / Workspaces (.mxd, .wor, .qgs)",,geographical-information-systems-gis_project-files-workspaces_,https://dans.knaw.nl/en/file-formats/geographical-information-systems-gis/project-files-workspaces/,https://dans.knaw.nl/bestandsformaten/geografische-informatie-systemen-gis/projectbestanden-workspaces/
Georeferenced images,https://dans.knaw.nl/bestandsformaten/afbeeldingen-georeferentie/,https://dans.knaw.nl/en/file-formats/images-georeference/,"GeoTIFF (.tif, .tiff)",,images-georeference_geotiff_,https://dans.knaw.nl/en/file-formats/images-georeference/geotiff/,https://dans.knaw.nl/bestandsformaten/afbeeldingen-georeferentie/geotiff/
Georeferenced images,https://dans.knaw.nl/bestandsformaten/afbeeldingen-georeferentie/,https://dans.knaw.nl/en/file-formats/images-georeference/,"TIFF World File (.tfw & .tif, possibly with additional files)",,images-georeference_tiff-world-file_,https://dans.knaw.nl/en/file-formats/images-georeference/tiff-world-file/,https://dans.knaw.nl/bestandsformaten/afbeeldingen-georeferentie/tiff-world-file/
Georeferenced images,https://dans.knaw.nl/bestandsformaten/afbeeldingen-georeferentie/,https://dans.knaw.nl/en/file-formats/images-georeference/,"JPEG World File (.jgw & .jpg, possibly with additional files)",,images-georeference_jpeg-world-file_,https://dans.knaw.nl/en/file-formats/images-georeference/jpeg-world-file/,https://dans.knaw.nl/bestandsformaten/afbeeldingen-georeferentie/jpeg-world-file/
Georeferenced images,https://dans.knaw.nl/bestandsformaten/afbeeldingen-georeferentie/,https://dans.knaw.nl/en/file-formats/images-georeference/,ERDAS IMAGINE File Format (.img),,images-georeference_erdas-imagine-file-format_,https://dans.knaw.nl/en/file-formats/images-georeference/erdas-imagine-file-format/,https://dans.knaw.nl/bestandsformaten/afbeeldingen-georeferentie/erdas-imagine-file-format/
Raster GIS,https://dans.knaw.nl/bestandsformaten/raster-gis/,https://dans.knaw.nl/en/file-formats/raster-gis/,,,raster-gis_,https://dans.knaw.nl/en/file-formats/raster-gis/,https://dans.knaw.nl/bestandsformaten/raster-gis/
Raster GIS,https://dans.knaw.nl/bestandsformaten/raster-gis/,https://dans.knaw.nl/en/file-formats/raster-gis/,"ASCII GRID (.asc, .txt)",,raster-gis_ascii-grid_,https://dans.knaw.nl/en/file-formats/raster-gis/ascii-grid/,https://dans.knaw.nl/bestandsformaten/raster-gis/ascii-grid/
Raster GIS,https://dans.knaw.nl/bestandsformaten/raster-gis/,https://dans.knaw.nl/en/file-formats/raster-gis/,Esri GRID (.grd & related files),,raster-gis_esri-grid_,https://dans.knaw.nl/en/file-formats/raster-gis/esri-grid/,https://dans.knaw.nl/bestandsformaten/raster-gis/esri-grid/
Raster GIS,https://dans.knaw.nl/bestandsformaten/raster-gis/,https://dans.knaw.nl/en/file-formats/raster-gis/,Surfer Grid (.grd,,raster-gis_esri-grid_,https://dans.knaw.nl/en/file-formats/raster-gis/esri-grid/,https://dans.knaw.nl/en/file-formats/raster-gis/surfer-grid/
Raster GIS,https://dans.knaw.nl/bestandsformaten/raster-gis/,https://dans.knaw.nl/en/file-formats/raster-gis/,ERDAS IMAGINE File Format (.img),,raster-gis_erdas-imagine-file-format_,https://dans.knaw.nl/en/file-formats/raster-gis/erdas-imagine-file-format/,https://dans.knaw.nl/bestandsformaten/raster-gis/erdas-imagine-file-format/
3D,https://dans.knaw.nl/bestandsformaten/3d/,https://dans.knaw.nl/en/file-formats/3d/,WaveFront Object (.obj),,3d_wavefront-object_,https://dans.knaw.nl/en/file-formats/3d/wavefront-object/,https://dans.knaw.nl/bestandsformaten/3d/wavefront-object/
3D,https://dans.knaw.nl/bestandsformaten/3d/,https://dans.knaw.nl/en/file-formats/3d/,Polygon file format (.ply),,3d_polygon-file-format_,https://dans.knaw.nl/en/file-formats/3d/polygon-file-format/,https://dans.knaw.nl/bestandsformaten/3d/polygon-file-format/
3D,https://dans.knaw.nl/bestandsformaten/3d/,https://dans.knaw.nl/en/file-formats/3d/,glTF (.gltf,,Samantha 2024-12-10,Samantha 2024-12-10,https://dans.knaw.nl/en/file-formats/3d/gltf/
3D,https://dans.knaw.nl/bestandsformaten/3d/,https://dans.knaw.nl/en/file-formats/3d/,LASer (.las,,Samantha 2024-12-10,Samantha 2024-12-10,https://dans.knaw.nl/en/file-formats/3d/laser/
3D,https://dans.knaw.nl/bestandsformaten/3d/,https://dans.knaw.nl/en/file-formats/3d/,Google Draco (.drc),,3d_google-draco_,https://dans.knaw.nl/en/file-formats/3d/google-draco/,https://dans.knaw.nl/nl/bestandsformaten/3d/google-draco/
3D,https://dans.knaw.nl/bestandsformaten/3d/,https://dans.knaw.nl/en/file-formats/3d/,X3D (.x3d),,3d_x3d_,https://dans.knaw.nl/en/file-formats/3d/x3d/,https://dans.knaw.nl/bestandsformaten/3d/x3d/
3D,https://dans.knaw.nl/bestandsformaten/3d/,https://dans.knaw.nl/en/file-formats/3d/,COLLADA (.dae),,3d_collada_,https://dans.knaw.nl/en/file-formats/3d/collada/,https://dans.knaw.nl/bestandsformaten/3d/collada/
3D,https://dans.knaw.nl/bestandsformaten/3d/,https://dans.knaw.nl/en/file-formats/3d/,Autodesk FBX (.fbx),,3d_autodesk-fbx_,https://dans.knaw.nl/en/file-formats/3d/autodesk-fbx/,https://dans.knaw.nl/bestandsformaten/3d/autodesk-fbx/
3D,https://dans.knaw.nl/bestandsformaten/3d/,https://dans.knaw.nl/en/file-formats/3d/,Blender (.blend),,3d_blender_,https://dans.knaw.nl/en/file-formats/3d/blender/,https://dans.knaw.nl/nl/bestandsformaten/3d/blender/
3D,https://dans.knaw.nl/bestandsformaten/3d/,https://dans.knaw.nl/en/file-formats/3d/,3D PDF (.pdf),,3d_adobe-portable-document-format-3d-pdf_,https://dans.knaw.nl/en/file-formats/3d/adobe-portable-document-format-3d-pdf/,https://dans.knaw.nl/bestandsformaten/3d/adobe-portable-document-format-3d-pdf/
3D,https://dans.knaw.nl/bestandsformaten/3d/,https://dans.knaw.nl/en/file-formats/3d/,Artec (.a3d),,3d_artec_,https://dans.knaw.nl/en/file-formats/3d/artec/,https://dans.knaw.nl/nl/bestandsformaten/3d/artec/
3D,https://dans.knaw.nl/bestandsformaten/3d/,https://dans.knaw.nl/en/file-formats/3d/,Agisoft Metashape (.psz/.psx),,3d_agisoft-metashape_,https://dans.knaw.nl/en/file-formats/3d/agisoft-metashape/,https://dans.knaw.nl/nl/bestandsformaten/3d/agisoft-metashape/
3D,https://dans.knaw.nl/bestandsformaten/3d/,https://dans.knaw.nl/en/file-formats/3d/,IFC (.ifc),,3d_industry-foundation-classes_,https://dans.knaw.nl/en/file-formats/3d/industry-foundation-classes/,https://dans.knaw.nl/nl/bestandsformaten/3d/ifc/
3D,https://dans.knaw.nl/bestandsformaten/3d/,https://dans.knaw.nl/en/file-formats/3d/,STL (.stl),,3d_stl_,https://dans.knaw.nl/en/file-formats/3d/stl/,https://dans.knaw.nl/nl/bestandsformaten/3d/stl/
3D,https://dans.knaw.nl/bestandsformaten/3d/,https://dans.knaw.nl/en/file-formats/3d/,VRML (.wrl,,Valentijn 2024-11,Valentijn 2024-11,Samantha 2024-12-10
RDF,https://dans.knaw.nl/bestandsformaten/rdf-2/,https://dans.knaw.nl/en/file-formats/rdf-2/,RDF/XML (.rdf),,rdf-2_rdf-xml_,https://dans.knaw.nl/en/file-formats/rdf-2/rdf-xml/,https://dans.knaw.nl/nl/bestandsformaten/rdf-2/rdf-xml/
RDF,https://dans.knaw.nl/bestandsformaten/rdf-2/,https://dans.knaw.nl/en/file-formats/rdf-2/,Trig (.trig),,rdf-2_trig_,https://dans.knaw.nl/en/file-formats/rdf-2/trig/,https://dans.knaw.nl/nl/bestandsformaten/rdf-2/trig/
RDF,https://dans.knaw.nl/bestandsformaten/rdf-2/,https://dans.knaw.nl/en/file-formats/rdf-2/,Turtle (.ttl),,rdf-2_turtle_,https://dans.knaw.nl/en/file-formats/rdf-2/turtle/,https://dans.knaw.nl/nl/bestandsformaten/rdf-2/turtle/
RDF,https://dans.knaw.nl/bestandsformaten/rdf-2/,https://dans.knaw.nl/en/file-formats/rdf-2/,NTriples (.nt),,rdf-2_n-triples_,https://dans.knaw.nl/en/file-formats/rdf-2/n-triples/,https://dans.knaw.nl/nl/bestandsformaten/rdf-2/n-triples/
RDF,https://dans.knaw.nl/bestandsformaten/rdf-2/,https://dans.knaw.nl/en/file-formats/rdf-2/,JSON-LD,,https://dans.knaw.nl/nl/bestandsformaten/rdf-2/json-ld/,https://dans.knaw.nl/nl/bestandsformaten/rdf-2/json-ld/,https://dans.knaw.nl/en/file-formats/rdf-2/json-ld/
Computer Assisted Qualitative Data Analysis (CAQDAS),https://dans.knaw.nl/bestandsformaten/computer-assisted-qualitative-data-analysis-caqdas/,https://dans.knaw.nl/en/file-formats/computer-assisted-qualitative-data-analysis-caqdas/,REFI-QDA (Qualitative Data Analysis),,computer-assisted-qualitative-data-analysis-caqdas_refi-qda-qualitative-data-analysis_,https://dans.knaw.nl/en/file-formats/computer-assisted-qualitative-data-analysis-caqdas/refi-qda-qualitative-data-analysis/,https://dans.knaw.nl/bestandsformaten/computer-assisted-qualitative-data-analysis-caqdas/refi-qda-qualitative-data-analysis/
Computer Assisted Qualitative Data Analysis (CAQDAS),https://dans.knaw.nl/bestandsformaten/computer-assisted-qualitative-data-analysis-caqdas/,https://dans.knaw.nl/en/file-formats/computer-assisted-qualitative-data-analysis-caqdas/,ATLAS.TI copy bundle,,computer-assisted-qualitative-data-analysis-caqdas_atlas-ti-copy-bundle-and-nvivo-project-file-2_,https://dans.knaw.nl/en/file-formats/computer-assisted-qualitative-data-analysis-caqdas/atlas-ti-copy-bundle-and-nvivo-project-file-2/,https://dans.knaw.nl/bestandsformaten/computer-assisted-qualitative-data-analysis-caqdas/atlas-ti-copy-bundle-en-nvivo-project-file/
Computer Assisted Qualitative Data Analysis (CAQDAS),https://dans.knaw.nl/bestandsformaten/computer-assisted-qualitative-data-analysis-caqdas/,https://dans.knaw.nl/en/file-formats/computer-assisted-qualitative-data-analysis-caqdas/,NVivo project file,,computer-assisted-qualitative-data-analysis-caqdas_atlas-ti-copy-bundle-and-nvivo-project-file_,https://dans.knaw.nl/en/file-formats/computer-assisted-qualitative-data-analysis-caqdas/atlas-ti-copy-bundle-and-nvivo-project-file/,https://dans.knaw.nl/bestandsformaten/computer-assisted-qualitative-data-analysis-caqdas/atlas-ti-copy-bundle-en-nvivo-project-file-2/
