Collection,Collection_URL_NL,Collection_URL_EN,Concept,isPreferred,Stable_URL_English,Stable_Nederlands_URL
Text documents,https://dans.knaw.nl/nl/bestandsformaten/tekstdocumenten/,https://dans.knaw.nl/en/file-formats/text-documents/,PDF/A (.pdf),1,https://dans.knaw.nl/en/file-formats/text-documents/pdf-a/,https://dans.knaw.nl/bestandsformaten/tekstdocumenten/pdf-a/
Text documents,https://dans.knaw.nl/nl/bestandsformaten/tekstdocumenten/,https://dans.knaw.nl/en/file-formats/text-documents/,ODT (.odt),1,https://dans.knaw.nl/en/file-formats/text-documents/opendocument-text/,https://dans.knaw.nl/bestandsformaten/tekstdocumenten/opendocument-text-odt/
Text documents,https://dans.knaw.nl/nl/bestandsformaten/tekstdocumenten/,https://dans.knaw.nl/en/file-formats/text-documents/,Microsoft Word (.doc),0,https://dans.knaw.nl/en/file-formats/text-documents/microsoft-word-and-office-open-xml/,https://dans.knaw.nl/bestandsformaten/tekstdocumenten/microsoft-word-doc-en-office-open-xml-docx/
Text documents,https://dans.knaw.nl/nl/bestandsformaten/tekstdocumenten/,https://dans.knaw.nl/en/file-formats/text-documents/,Office Open XML (.docx),0,https://dans.knaw.nl/en/file-formats/text-documents/microsoft-word-and-office-open-xml/,https://dans.knaw.nl/bestandsformaten/tekstdocumenten/microsoft-word-doc-en-office-open-xml-docx/
Text documents,https://dans.knaw.nl/nl/bestandsformaten/tekstdocumenten/,https://dans.knaw.nl/en/file-formats/text-documents/,Rich Text File (.rtf),0,https://dans.knaw.nl/en/file-formats/text-documents/rich-text-file-rtf/,https://dans.knaw.nl/bestandsformaten/tekstdocumenten/rich-text-file-rtf/
Text documents,https://dans.knaw.nl/nl/bestandsformaten/tekstdocumenten/,https://dans.knaw.nl/en/file-formats/text-documents/,PDF other than PDF/A (.pdf),0,https://dans.knaw.nl/en/file-formats/text-documents/pdf-pdf/,https://dans.knaw.nl/bestandsformaten/tekstdocumenten/pdf-pdf/
Plain text,https://dans.knaw.nl/nl/bestandsformaten/platte-tekst/,https://dans.knaw.nl/en/file-formats/plain-text/,Unicode text (.txt),1,https://dans.knaw.nl/en/file-formats/plain-text/unicode/,https://dans.knaw.nl/bestandsformaten/platte-tekst/unicode/
Plain text,https://dans.knaw.nl/nl/bestandsformaten/platte-tekst/,https://dans.knaw.nl/en/file-formats/plain-text/,Non-Unicode text (.txt),0,https://dans.knaw.nl/en/file-formats/plain-text/non-unicode/,https://dans.knaw.nl/bestandsformaten/platte-tekst/non-unicode/
Markup language,https://dans.knaw.nl/bestandsformaten/opmaaktaal/,https://dans.knaw.nl/en/file-formats/markup-language/,XML (.xml),1,https://dans.knaw.nl/en/file-formats/markup-language/xml/,https://dans.knaw.nl/bestandsformaten/opmaaktaal/xml/
Markup language,https://dans.knaw.nl/bestandsformaten/opmaaktaal/,https://dans.knaw.nl/en/file-formats/markup-language/,HTML (.html),1,https://dans.knaw.nl/en/file-formats/markup-language/html/,https://dans.knaw.nl/bestandsformaten/opmaaktaal/html/
Markup language,https://dans.knaw.nl/bestandsformaten/opmaaktaal/,https://dans.knaw.nl/en/file-formats/markup-language/,.css,1,https://dans.knaw.nl/en/file-formats/markup-language/css/,https://dans.knaw.nl/bestandsformaten/opmaaktaal/css/
Markup language,https://dans.knaw.nl/bestandsformaten/opmaaktaal/,https://dans.knaw.nl/en/file-formats/markup-language/,.xslt,1,https://dans.knaw.nl/en/file-formats/markup-language/xslt/,https://dans.knaw.nl/bestandsformaten/opmaaktaal/xslt/
Markup language,https://dans.knaw.nl/bestandsformaten/opmaaktaal/,https://dans.knaw.nl/en/file-formats/markup-language/,.js,1,https://dans.knaw.nl/bestandsformaten/opmaaktaal/script/,https://dans.knaw.nl/en/file-formats/markup-language/script/
Markup language,https://dans.knaw.nl/bestandsformaten/opmaaktaal/,https://dans.knaw.nl/en/file-formats/markup-language/,.es,1,https://dans.knaw.nl/bestandsformaten/opmaaktaal/script/,https://dans.knaw.nl/en/file-formats/markup-language/script/
Markup language,https://dans.knaw.nl/bestandsformaten/opmaaktaal/,https://dans.knaw.nl/en/file-formats/markup-language/,SGML (.sgml),0,https://dans.knaw.nl/en/file-formats/markup-language/sgml/,https://dans.knaw.nl/bestandsformaten/opmaaktaal/sgml/
Markup language,https://dans.knaw.nl/bestandsformaten/opmaaktaal/,https://dans.knaw.nl/en/file-formats/markup-language/,Markdown (.md),1,https://dans.knaw.nl/en/file-formats/markup-language/markdown/,https://dans.knaw.nl/bestandsformaten/opmaaktaal/markdown/
Programming Languages,https://dans.knaw.nl/bestandsformaten/programmeertaal/,https://dans.knaw.nl/en/file-formats/programming-languages/,MATLAB,1,https://dans.knaw.nl/en/file-formats/programming-languages/matlab/,https://dans.knaw.nl/bestandsformaten/programmeertaal/matlab/
Programming Languages,https://dans.knaw.nl/bestandsformaten/programmeertaal/,https://dans.knaw.nl/en/file-formats/programming-languages/,NetCDF,1,https://dans.knaw.nl/en/file-formats/programming-languages/netcdf/,https://dans.knaw.nl/bestandsformaten/programmeertaal/netcdf/
Programming Languages,https://dans.knaw.nl/bestandsformaten/programmeertaal/,https://dans.knaw.nl/en/file-formats/programming-languages/,Text-Fabric,1,https://dans.knaw.nl/en/file-formats/programming-languages/text-fabric/,https://dans.knaw.nl/bestandsformaten/programmeertaal/text-fabric/
Programming Languages,https://dans.knaw.nl/bestandsformaten/programmeertaal/,https://dans.knaw.nl/en/file-formats/programming-languages/,Python,1,,
Spreadsheets,https://dans.knaw.nl/bestandsformaten/spreadsheets/,https://dans.knaw.nl/en/file-formats/spreadsheets/,ODS (.ods),1,https://dans.knaw.nl/en/file-formats/spreadsheets/ods/,https://dans.knaw.nl/bestandsformaten/spreadsheets/ods/
Spreadsheets,https://dans.knaw.nl/bestandsformaten/spreadsheets/,https://dans.knaw.nl/en/file-formats/spreadsheets/,CSV (.csv),1,https://dans.knaw.nl/en/file-formats/spreadsheets/csv/,https://dans.knaw.nl/nl/bestandsformaten/spreadsheets/csv/
Spreadsheets,https://dans.knaw.nl/bestandsformaten/spreadsheets/,https://dans.knaw.nl/en/file-formats/spreadsheets/,Microsoft Excel (.xls),0,https://dans.knaw.nl/en/file-formats/spreadsheets/microsoft-excel/,https://dans.knaw.nl/bestandsformaten/spreadsheets/microsoft-excel/
Spreadsheets,https://dans.knaw.nl/bestandsformaten/spreadsheets/,https://dans.knaw.nl/en/file-formats/spreadsheets/,Office Open XML Workbook (.xlsx),0,https://dans.knaw.nl/en/file-formats/spreadsheets/office-open-xml-workbook/,https://dans.knaw.nl/bestandsformaten/spreadsheets/office-open-xml-workbook/
Spreadsheets,https://dans.knaw.nl/bestandsformaten/spreadsheets/,https://dans.knaw.nl/en/file-formats/spreadsheets/,PDF/A (.pdf),0,https://dans.knaw.nl/en/file-formats/spreadsheets/pdf-a/,https://dans.knaw.nl/bestandsformaten/spreadsheets/pdf-a/